occupation,men,women,year,diff
Accountants and auditors,1419,1141,2019,10
Accountants and auditors,1404,1108,2018,
Accountants and auditors,1389,1065,2017,
Accountants and auditors,1441,1018,2016,
Accountants and auditors,1345,988,2015,
Accountants and auditors,1236,999,2014,
Accountants and auditors,1268,1029,2013,
Accountants and auditors,1350,996,2012,
Accountants and auditors,1250,956,2011,
Accountants and auditors,1190,902,2009,
Accountants and auditors.,1273,953,2010,
Administrative services managers,1277,1084,2019,
Administrative services managers,1629,1013,2017,
Administrative services managers,1398,952,2016,
Administrative services managers,1451,981,2015,
Administrative services managers,1212,1038,2012,
Advertising sales agents,950,1053,2018,
Advertising sales agents,895,882,2017,
Advertising sales agents,1034,999,2016,
Advertising sales agents,1155,729,2015,
Advertising sales agents,1041,871,2014,
Advertising sales agents,1005,868,2013,
Advertising sales agents,945,842,2012,
Advertising sales agents,961,772,2011,
Advertising sales agents,1201,847,2009,
Advertising sales agents.,897,838,2010,
"Architects, except naval",1538,1301,2018,
Architecture and engineering occupations,1589,1339,2019,7
Architecture and engineering occupations,1528,1259,2018,
Architecture and engineering occupations,1518,1307,2017,
Architecture and engineering occupations,1529,1207,2016,
Architecture and engineering occupations,1452,1257,2015,
Architecture and engineering occupations,1413,1158,2014,
Architecture and engineering occupations,1403,1143,2013,
Architecture and engineering occupations,1358,1136,2012,
Architecture and engineering occupations,1343,1140,2011,
Architecture and engineering occupations,1318,1061,2009,
Architecture and engineering occupations.,1293,1040,2010,
"Arts, design, entertainment, sports, and media occupations",1231,1077,2019,31
"Arts, design, entertainment, sports, and media occupations",1151,997,2018,
"Arts, design, entertainment, sports, and media occupations",1161,943,2017,
"Arts, design, entertainment, sports, and media occupations",1139,951,2016,
"Arts, design, entertainment, sports, and media occupations",1088,942,2015,
"Arts, design, entertainment, sports, and media occupations",1024,870,2014,
"Arts, design, entertainment, sports, and media occupations",1118,884,2013,
"Arts, design, entertainment, sports, and media occupations",1055,885,2012,
"Arts, design, entertainment, sports, and media occupations",995,856,2011,
"Arts, design, entertainment, sports, and media occupations",960,775,2009,
"Arts, design, entertainment, sports, and media occupations.",977,834,2010,
"Bailiffs, correctional officers, and jailers",811,646,2018,
"Bailiffs, correctional officers, and jailers",825,669,2017,
"Bailiffs, correctional officers, and jailers",793,672,2016,
"Bailiffs, correctional officers, and jailers",779,686,2015,
"Bailiffs, correctional officers, and jailers",755,687,2014,
"Bailiffs, correctional officers, and jailers",729,599,2013,
"Bailiffs, correctional officers, and jailers",768,643,2012,
"Bailiffs, correctional officers, and jailers",722,586,2011,
"Bailiffs, correctional officers, and jailers",726,623,2009,
"Bailiffs, correctional officers, and jailers.",724,625,2010,
Bakers,565,533,2018,
Bakers,488,464,2017,
Bakers,562,480,2016,
Bakers,570,475,2015,
Bakers,518,469,2014,
Bakers,488,524,2013,
Bakers,501,450,2012,
Bakers,471,416,2011,
Bakers,448,466,2009,
Bakers.,435,406,2010,
Bartenders,601,560,2018,
Bartenders,600,515,2017,
Bartenders,701,498,2016,
Bartenders,569,493,2015,
Bartenders,634,459,2014,
Bartenders,594,483,2013,
Bartenders,520,421,2012,
Bartenders,593,505,2011,
Bartenders,560,418,2009,
Bartenders.,533,405,2010,
Bill and account collectors,674,648,2015,
Bill and account collectors,681,633,2012,
Bill and account collectors,579,634,2010,
Bill and account collectors,590,563,2009,
Billing and posting clerks,664,725,2018,
Billing and posting clerks,718,691,2017,
Biological scientists,1233,1104,2013,
Biological scientists,1177,853,2011,
"Bookkeeping, accounting, and auditing clerks",778,739,2018,
"Bookkeeping, accounting, and auditing clerks",743,716,2017,
"Bookkeeping, accounting, and auditing clerks",790,716,2016,
"Bookkeeping, accounting, and auditing clerks",690,692,2015,
"Bookkeeping, accounting, and auditing clerks",732,660,2014,
"Bookkeeping, accounting, and auditing clerks",751,670,2013,
"Bookkeeping, accounting, and auditing clerks",740,672,2012,
"Bookkeeping, accounting, and auditing clerks",654,656,2011,
"Bookkeeping, accounting, and auditing clerks",671,627,2009,
"Bookkeeping, accounting, and auditing clerks.",677,628,2010,
Building and grounds cleaning and maintenance occupations,604,477,2018,
Building and grounds cleaning and maintenance occupations,573,463,2017,
Building and grounds cleaning and maintenance occupations,548,454,2016,
Building and grounds cleaning and maintenance occupations,517,419,2015,
Building and grounds cleaning and maintenance occupations,517,413,2014,
Building and grounds cleaning and maintenance occupations,505,417,2013,
Building and grounds cleaning and maintenance occupations,501,407,2012,
Building and grounds cleaning and maintenance occupations,502,406,2011,
Building and grounds cleaning and maintenance occupations,493,391,2010,
Building and grounds cleaning and maintenance occupations,488,388,2009,
Bus drivers,735,599,2018,
Bus drivers,671,517,2017,
Bus drivers,691,589,2016,
Bus drivers,681,572,2015,
Bus drivers,616,582,2014,
Bus drivers,597,556,2013,
Bus drivers,652,516,2012,
Bus drivers,645,579,2011,
Bus drivers,660,502,2010,
Bus drivers,605,527,2009,
Business and financial operations occupations,1468,1148,2019,-43
Business and financial operations occupations,1383,1105,2018,
Business and financial operations occupations,1390,1055,2017,
Business and financial operations occupations,1373,1018,2016,
Business and financial operations occupations,1327,1004,2015,
Business and financial operations occupations,1310,982,2014,
Business and financial operations occupations,1263,979,2013,
Business and financial operations occupations,1274,952,2012,
Business and financial operations occupations,1225,937,2011,
Business and financial operations occupations,1227,914,2010,
Business and financial operations occupations,1171,894,2009,
"Business operations specialists, all other",1540,1193,2019,
"Business operations specialists, all other",1234,1072,2018,
"Business operations specialists, all other",1361,1013,2017,
"Business operations specialists, all other",1263,1001,2016,
"Business operations specialists, all other",1461,969,2015,
"Business operations specialists, all other",1229,944,2014,
"Business operations specialists, all other",1226,899,2013,
"Business operations specialists, all other",1271,904,2012,
"Business operations specialists, all other",1185,908,2011,
"Butchers and other meat, poultry, and fish processing workers",632,557,2018,
"Butchers and other meat, poultry, and fish processing workers",621,487,2017,
"Butchers and other meat, poultry, and fish processing workers",571,449,2016,
"Butchers and other meat, poultry, and fish processing workers",582,463,2015,
"Butchers and other meat, poultry, and fish processing workers",537,457,2014,
"Butchers and other meat, poultry, and fish processing workers",525,476,2013,
"Butchers and other meat, poultry, and fish processing workers",537,417,2012,
"Butchers and other meat, poultry, and fish processing workers",515,479,2011,
"Butchers and other meat, poultry, and fish processing workers",508,478,2010,
"Butchers and other meat, poultry, and fish processing workers",510,418,2009,
Cashiers,468,463,2018,
Cashiers,493,422,2017,
Cashiers,475,403,2016,
Cashiers,471,405,2015,
Cashiers,412,387,2014,
Cashiers,426,379,2013,
Cashiers,400,368,2012,
Cashiers,411,373,2011,
Cashiers,422,361,2009,
Cashiers.,400,366,2010,
Chefs and head cooks,624,562,2018,
Chefs and head cooks,655,514,2017,
Chefs and head cooks,632,519,2016,
Chefs and head cooks,656,492,2015,
Chefs and head cooks,601,531,2014,
Chefs and head cooks,589,510,2013,
Chefs and head cooks,582,462,2012,
Chefs and head cooks,601,502,2011,
Chief executives,2509,2019,2019,41
Chief executives,2488,1736,2018,
Chief executives,2415,1920,2017,
Chief executives,2419,1876,2016,
Chief executives,2251,1836,2015,
Chief executives,2246,1572,2014,
Chief executives,2266,1811,2013,
Chief executives,2275,1730,2012,
Chief executives,2122,1464,2011,
Chief executives,2084,1553,2009,
Chief executives.,2217,1598,2010,
Civil engineers,1657,1353,2019,
Civil engineers,1551,1282,2018,
Civil engineers,1524,1343,2017,
Civil engineers,1406,1275,2014,
"Claims adjusters, appraisers, examiners, and investigators",1277,972,2019,-22
"Claims adjusters, appraisers, examiners, and investigators",1167,913,2018,
"Claims adjusters, appraisers, examiners, and investigators",1108,925,2017,
"Claims adjusters, appraisers, examiners, and investigators",1139,912,2016,
"Claims adjusters, appraisers, examiners, and investigators",1134,824,2015,
"Claims adjusters, appraisers, examiners, and investigators",1093,908,2014,
"Claims adjusters, appraisers, examiners, and investigators",1144,838,2013,
"Claims adjusters, appraisers, examiners, and investigators",1158,803,2012,
"Claims adjusters, appraisers, examiners, and investigators",1077,804,2011,
"Claims adjusters, appraisers, examiners, and investigators",1128,845,2009,
"Claims adjusters, appraisers, examiners, and investigators.",1055,810,2010,
Clergy,1155,862,2019,
Clergy,1036,855,2018,
Clergy,1070,893,2016,
Clergy,1021,924,2015,
Clergy,1007,763,2014,
Clergy,959,777,2012,
Clergy,961,889,2011,
Clergy.,920,757,2010,
Clinical laboratory technologists and technicians,1117,952,2019,-31
Clinical laboratory technologists and technicians,819,911,2018,
Clinical laboratory technologists and technicians,1061,845,2017,
Clinical laboratory technologists and technicians,1071,834,2016,
Clinical laboratory technologists and technicians,1089,796,2015,
Clinical laboratory technologists and technicians,878,818,2014,
Clinical laboratory technologists and technicians,980,858,2013,
Clinical laboratory technologists and technicians,943,842,2012,
Clinical laboratory technologists and technicians,888,845,2011,
Clinical laboratory technologists and technicians,997,836,2010,
Clinical laboratory technologists and technicians,925,791,2009,
"Combined food preparation and serving workers, including fast food",410,475,2018,
"Combined food preparation and serving workers, including fast food",415,401,2017,
"Combined food preparation and serving workers, including fast food",381,402,2016,
"Combined food preparation and serving workers, including fast food",401,380,2015,
"Combined food preparation and serving workers, including fast food",384,373,2014,
"Combined food preparation and serving workers, including fast food",413,370,2013,
"Combined food preparation and serving workers, including fast food",406,368,2012,
"Combined food preparation and serving workers, including fast food",357,347,2009,
"Combined food preparation and serving workers, including fast food.",346,388,2010,
Community and social service occupations,1064,941,2019,
Community and social service occupations,984,886,2018,
Community and social service occupations,976,857,2017,
Community and social service occupations,1004,880,2016,
Community and social service occupations,973,845,2015,
Community and social service occupations,934,824,2014,
Community and social service occupations,930,808,2013,
Community and social service occupations,869,820,2012,
Community and social service occupations,906,772,2011,
Community and social services occupations,864,774,2010,
Community and social services occupations,897,741,2009,
Compliance officers,1561,1264,2019,
Compliance officers,1450,1165,2018,
Compliance officers,1501,1296,2017,
Compliance officers,1274,1163,2016,
Compliance officers,1375,1025,2015,
Compliance officers,1237,1092,2014,
Compliance officers,1170,1081,2013,
Compliance officers,1304,999,2012,
Compliance officers,1279,995,2011,
Computer and information systems managers,2019,1892,2019,250
Computer and information systems managers,1920,1727,2018,
Computer and information systems managers,1897,1629,2017,
Computer and information systems managers,1756,1680,2016,
Computer and information systems managers,1817,1563,2015,
Computer and information systems managers,1763,1529,2014,
Computer and information systems managers,1769,1549,2013,
Computer and information systems managers,1740,1527,2012,
Computer and information systems managers,1595,1543,2011,
Computer and information systems managers,1729,1415,2010,
Computer and information systems managers,1788,1411,2009,
Computer and mathematical occupations,1658,1353,2019,-150
Computer and mathematical occupations,1604,1345,2018,
Computer and mathematical occupations,1552,1235,2017,
Computer and mathematical occupations,1518,1325,2016,
Computer and mathematical occupations,1503,1245,2015,
Computer and mathematical occupations,1435,1165,2014,
Computer and mathematical occupations,1452,1174,2013,
Computer and mathematical occupations,1414,1146,2012,
Computer and mathematical occupations,1369,1126,2011,
Computer and mathematical occupations,1349,1135,2010,
Computer and mathematical occupations,1304,1149,2009,
"Computer occupations, all other",1365,1148,2019,
"Computer occupations, all other",1238,1208,2018,
"Computer occupations, all other",1250,1059,2017,
"Computer occupations, all other",1244,1055,2016,
"Computer occupations, all other",1252,1145,2015,
"Computer occupations, all other",1122,984,2014,
"Computer occupations, all other",1136,1176,2013,
"Computer occupations, all other",1155,887,2012,
"Computer occupations, all other",1165,998,2011,
Computer operators,853,651,2011,
Computer operators.,866,654,2010,
Computer programmers,1613,1463,2019,-65
Computer programmers,1662,1445,2018,
Computer programmers,1539,1363,2017,
Computer programmers,1466,1312,2016,
Computer programmers,1501,1302,2015,
Computer programmers,1447,1253,2014,
Computer programmers,1428,1162,2013,
Computer programmers,1363,1148,2012,
Computer programmers,1330,1238,2011,
Computer programmers,1267,1182,2009,
Computer programmers.,1243,1177,2010,
Computer scientists and systems analysts,1268,1167,2009,
Computer scientists and systems analysts.,1295,1013,2010,
Computer software engineers,1590,1445,2010,
Computer software engineers,1550,1311,2009,
Computer support specialists,1223,1103,2019,-47
Computer support specialists,1114,1015,2018,
Computer support specialists,1134,919,2017,
Computer support specialists,1078,1014,2016,
Computer support specialists,1135,908,2015,
Computer support specialists,1049,837,2014,
Computer support specialists,1019,901,2013,
Computer support specialists,985,881,2012,
Computer support specialists,896,951,2011,
Computer support specialists,930,857,2009,
Computer support specialists.,979,835,2010,
Computer systems analysts,1580,1289,2019,
Computer systems analysts,1647,1246,2018,
Computer systems analysts,1495,1270,2017,
Computer systems analysts,1475,1328,2016,
Computer systems analysts,1462,1256,2015,
Computer systems analysts,1460,1259,2014,
Computer systems analysts,1455,1216,2013,
Computer systems analysts,1477,1254,2012,
Computer systems analysts,1410,1144,2011,
Construction and extraction occupations,809,785,2018,
Construction and extraction occupations,796,802,2017,
Construction and extraction occupations,786,639,2016,
Construction and extraction occupations,751,704,2015,
Construction and extraction occupations,757,691,2014,
Construction and extraction occupations,736,654,2013,
Construction and extraction occupations,741,723,2012,
Construction and extraction occupations,718,612,2011,
Construction and extraction occupations,710,646,2010,
Construction and extraction occupations,719,673,2009,
Construction managers,1511,1210,2019,
Construction managers,1467,1202,2018,
Construction managers,1439,1243,2017,
Cooks,518,437,2018,
Cooks,481,436,2017,
Cooks,459,421,2016,
Cooks,427,400,2015,
Cooks,416,405,2014,
Cooks,411,382,2013,
Cooks,403,361,2012,
Cooks,406,363,2011,
Cooks,401,381,2010,
Cooks,400,371,2009,
Counselors,944,1003,2019,-12
Counselors,1004,913,2018,
Counselors,901,894,2017,
Counselors,892,907,2016,
Counselors,908,902,2015,
Counselors,885,831,2014,
Counselors,889,884,2013,
Counselors,833,855,2012,
Counselors,874,808,2011,
Counselors,797,750,2009,
Counselors.,780,818,2010,
Credit counselors and loan officers,1542,1020,2019,
Credit counselors and loan officers,1443,948,2018,
Credit counselors and loan officers,1332,958,2017,
Credit counselors and loan officers,1331,926,2016,
Credit counselors and loan officers,1186,906,2015,
Credit counselors and loan officers,1188,915,2014,
Credit counselors and loan officers,1162,864,2013,
Credit counselors and loan officers,1074,850,2012,
Credit counselors and loan officers,1345,829,2011,
Customer service representatives,689,680,2018,
Customer service representatives,712,637,2017,
Customer service representatives,676,623,2016,
Customer service representatives,690,604,2015,
Customer service representatives,698,606,2014,
Customer service representatives,639,616,2013,
Customer service representatives,684,585,2012,
Customer service representatives,628,569,2011,
Customer service representatives,617,587,2009,
Customer service representatives.,614,586,2010,
Data entry keyers,730,643,2018,
Data entry keyers,655,630,2016,
Data entry keyers,589,638,2015,
Data entry keyers,673,618,2014,
Data entry keyers,611,586,2012,
Data entry keyers,610,585,2010,
Data entry keyers,689,568,2009,
Designers,1214,1052,2019,64
Designers,1169,932,2018,
Designers,1172,857,2017,
Designers,1267,922,2016,
Designers,1099,918,2015,
Designers,1020,812,2014,
Designers,1095,866,2013,
Designers,1028,855,2012,
Designers,1045,816,2011,
Designers,1001,757,2010,
Designers,956,730,2009,
Diagnostic related technologists and technicians,1166,1076,2019,35
Diagnostic related technologists and technicians,1232,1061,2018,
Diagnostic related technologists and technicians,1404,1041,2017,
Diagnostic related technologists and technicians,1156,936,2016,
Diagnostic related technologists and technicians,1106,908,2015,
Diagnostic related technologists and technicians,1156,940,2014,
Diagnostic related technologists and technicians,959,909,2013,
Diagnostic related technologists and technicians,1131,912,2012,
Diagnostic related technologists and technicians,1054,964,2011,
Diagnostic related technologists and technicians,1018,893,2009,
Diagnostic related technologists and technicians.,1038,956,2010,
Dining room and cafeteria attendants and bartender helpers,500,408,2018,
Dining room and cafeteria attendants and bartender helpers,444,481,2017,
Dining room and cafeteria attendants and bartender helpers,465,407,2016,
Dining room and cafeteria attendants and bartender helpers,509,420,2014,
Dining room and cafeteria attendants and bartender helpers,426,398,2013,
Dining room and cafeteria attendants and bartender helpers,374,366,2012,
Dining room and cafeteria attendants and bartender helpers,360,400,2009,
Dining room and cafeteria attendants and bartender helpers.,396,343,2010,
Dispatchers,926,725,2018,
Dispatchers,753,691,2017,
Dispatchers,734,671,2016,
Dispatchers,759,655,2015,
Dispatchers,764,669,2014,
Dispatchers,747,617,2013,
Dispatchers,796,605,2012,
Dispatchers,728,626,2011,
Dispatchers,721,624,2010,
Dispatchers,747,614,2009,
Driver/sales workers and truck drivers,829,559,2018,
Driver/sales workers and truck drivers,807,589,2017,
Driver/sales workers and truck drivers,787,630,2016,
Driver/sales workers and truck drivers,751,632,2015,
Driver/sales workers and truck drivers,739,545,2014,
Driver/sales workers and truck drivers,738,583,2013,
Driver/sales workers and truck drivers,736,537,2012,
Driver/sales workers and truck drivers,712,511,2011,
Driver/sales workers and truck drivers,690,512,2009,
Driver/sales workers and truck drivers.,691,492,2010,
Editors,1104,1138,2018,
Editors,1123,992,2017,
Editors,1112,1035,2016,
Editors,1205,1125,2015,
Editors,1239,988,2013,
Editors,993,889,2012,
Editors,933,892,2011,
Editors,968,855,2010,
Editors,992,923,2009,
Education administrators,1467,1335,2019,207
Education administrators,1563,1245,2018,
Education administrators,1561,1243,2017,
Education administrators,1528,1280,2016,
Education administrators,1585,1252,2015,
Education administrators,1439,1171,2014,
Education administrators,1543,1130,2013,
Education administrators,1566,1052,2012,
Education administrators,1532,1061,2011,
Education administrators,1432,1093,2009,
Education administrators.,1396,1137,2010,
"Education, training, and library occupations",1265,987,2019,-46
"Education, training, and library occupations",1235,934,2018,
"Education, training, and library occupations",1202,935,2017,
"Education, training, and library occupations",1154,933,2016,
"Education, training, and library occupations",1144,907,2015,
"Education, training, and library occupations",1141,897,2014,
"Education, training, and library occupations",1091,888,2013,
"Education, training, and library occupations",1133,858,2012,
"Education, training, and library occupations",1109,869,2011,
"Education, training, and library occupations",1068,836,2009,
"Education, training, and library occupations.",1065,862,2010,
"Electrical, electronics, and electromechanical assemblers",706,518,2018,
"Electrical, electronics, and electromechanical assemblers",682,587,2017,
"Electrical, electronics, and electromechanical assemblers",618,554,2016,
"Electrical, electronics, and electromechanical assemblers",566,544,2015,
"Electrical, electronics, and electromechanical assemblers",598,506,2014,
"Electrical, electronics, and electromechanical assemblers",522,490,2013,
"Electrical, electronics, and electromechanical assemblers",620,520,2012,
"Electrical, electronics, and electromechanical assemblers",591,449,2011,
"Electrical, electronics, and electromechanical assemblers",622,481,2010,
"Electrical, electronics, and electromechanical assemblers",611,486,2009,
Elementary and middle school teachers,1161,1042,2019,30
Elementary and middle school teachers,1148,982,2018,
Elementary and middle school teachers,1139,987,2017,
Elementary and middle school teachers,1126,981,2016,
Elementary and middle school teachers,1077,957,2015,
Elementary and middle school teachers,1096,956,2014,
Elementary and middle school teachers,1025,937,2013,
Elementary and middle school teachers,1128,921,2012,
Elementary and middle school teachers,1022,933,2011,
Elementary and middle school teachers,1024,931,2010,
Elementary and middle school teachers,1040,891,2009,
Emergency medical technicians and paramedics,991,786,2019,
Emergency medical technicians and paramedics,943,764,2018,
Emergency medical technicians and paramedics,1119,733,2017,
Emergency medical technicians and paramedics,821,650,2016,
Emergency medical technicians and paramedics,791,709,2014,
Emergency medical technicians and paramedics,832,785,2013,
Emergency medical technicians and paramedics,757,649,2011,
Emergency medical technicians and paramedics.,825,597,2010,
"Engineering technicians, except drafters",1200,915,2019,-125
"Engineering technicians, except drafters",1154,934,2018,
"Engineering technicians, except drafters",1102,884,2017,
"Engineering technicians, except drafters",1075,793,2016,
"Engineering technicians, except drafters",984,827,2015,
"Engineering technicians, except drafters",1066,785,2014,
"Engineering technicians, except drafters",1027,934,2013,
"Engineering technicians, except drafters",959,799,2009,
"Engineers, all other",1663,1446,2019,
"Engineers, all other",1610,1356,2018,
"Engineers, all other",1571,1436,2017,
"Engineers, all other",1659,1401,2016,
"Engineers, all other",1537,1448,2015,
"Farming, fishing, and forestry occupations",602,483,2018,
"Farming, fishing, and forestry occupations",585,471,2017,
"Farming, fishing, and forestry occupations",544,465,2016,
"Farming, fishing, and forestry occupations",477,437,2015,
"Farming, fishing, and forestry occupations",457,375,2014,
"Farming, fishing, and forestry occupations",472,368,2013,
"Farming, fishing, and forestry occupations",457,377,2012,
"Farming, fishing, and forestry occupations",445,371,2011,
"Farming, fishing, and forestry occupations",428,372,2009,
"Farming, fishing, and forestry occupations.",438,369,2010,
Financial analysts,1763,1386,2019,
Financial analysts,1599,1197,2018,
Financial analysts,1590,1369,2017,
Financial analysts,1747,1252,2016,
Financial analysts,1680,1171,2015,
Financial analysts,1493,1224,2014,
Financial managers,1897,1207,2019,-208
Financial managers,1784,1262,2018,
Financial managers,1719,1222,2017,
Financial managers,1670,1157,2016,
Financial managers,1732,1130,2015,
Financial managers,1671,1127,2014,
Financial managers,1518,1064,2013,
Financial managers,1405,988,2012,
Financial managers,1504,991,2011,
Financial managers,1443,961,2009,
Financial managers.,1546,1022,2010,
First-line supervisors of food preparation and serving workers,668,539,2018,
First-line supervisors of food preparation and serving workers,613,500,2017,
First-line supervisors of food preparation and serving workers,666,485,2016,
First-line supervisors of food preparation and serving workers,621,458,2015,
First-line supervisors of food preparation and serving workers,583,485,2014,
First-line supervisors of food preparation and serving workers,580,448,2013,
First-line supervisors of food preparation and serving workers,561,451,2012,
First-line supervisors of food preparation and serving workers,525,458,2011,
First-line supervisors of gaming workers,837,763,2017,
First-line supervisors of gaming workers,840,717,2016,
First-line supervisors of gaming workers,900,680,2015,
First-line supervisors of housekeeping and janitorial workers,772,615,2018,
First-line supervisors of housekeeping and janitorial workers,749,515,2017,
First-line supervisors of housekeeping and janitorial workers,702,524,2016,
First-line supervisors of housekeeping and janitorial workers,700,571,2015,
First-line supervisors of housekeeping and janitorial workers,720,500,2014,
First-line supervisors of housekeeping and janitorial workers,801,511,2013,
First-line supervisors of housekeeping and janitorial workers,687,505,2012,
First-line supervisors of housekeeping and janitorial workers,756,488,2011,
First-line supervisors of non-retail sales workers,1199,1054,2018,
First-line supervisors of non-retail sales workers,1151,965,2017,
First-line supervisors of non-retail sales workers,1161,1004,2016,
First-line supervisors of non-retail sales workers,1140,896,2015,
First-line supervisors of non-retail sales workers,1004,878,2014,
First-line supervisors of non-retail sales workers,1004,934,2013,
First-line supervisors of non-retail sales workers,1130,847,2012,
First-line supervisors of non-retail sales workers,1016,781,2011,
First-line supervisors of office and administrative support workers,1050,835,2018,
First-line supervisors of office and administrative support workers,987,819,2017,
First-line supervisors of office and administrative support workers,942,809,2016,
First-line supervisors of office and administrative support workers,878,781,2015,
First-line supervisors of office and administrative support workers,919,763,2014,
First-line supervisors of office and administrative support workers,846,748,2013,
First-line supervisors of office and administrative support workers,895,760,2012,
First-line supervisors of office and administrative support workers,833,741,2011,
First-line supervisors of production and operating workers,1050,745,2018,
First-line supervisors of production and operating workers,1007,716,2017,
First-line supervisors of production and operating workers,972,723,2016,
First-line supervisors of production and operating workers,924,623,2015,
First-line supervisors of production and operating workers,942,659,2014,
First-line supervisors of production and operating workers,952,682,2013,
First-line supervisors of production and operating workers,954,674,2012,
First-line supervisors of production and operating workers,929,665,2011,
First-line supervisors of retail sales workers,911,672,2018,
First-line supervisors of retail sales workers,891,639,2017,
First-line supervisors of retail sales workers,857,630,2016,
First-line supervisors of retail sales workers,825,614,2015,
First-line supervisors of retail sales workers,793,595,2014,
First-line supervisors of retail sales workers,778,612,2013,
First-line supervisors of retail sales workers,792,598,2012,
First-line supervisors of retail sales workers,759,599,2011,
First-line supervisors/managers of food preparation and serving workers,512,436,2010,
First-line supervisors/managers of food preparation and serving workers,495,435,2009,
First-line supervisors/managers of housekeeping and janitorial workers,645,453,2009,
First-line supervisors/managers of housekeeping and janitorial workers.,700,478,2010,
First-line supervisors/managers of non-retail sales workers,1035,801,2010,
First-line supervisors/managers of non-retail sales workers,1059,780,2009,
First-line supervisors/managers of production and operating workers,846,602,2010,
First-line supervisors/managers of production and operating workers,895,680,2009,
First-line supervisors/managers of retail sales workers,782,578,2010,
First-line supervisors/managers of retail sales workers,770,597,2009,
Food preparation and serving related occupations,533,473,2018,
Food preparation and serving related occupations,502,459,2017,
Food preparation and serving related occupations,491,434,2016,
Food preparation and serving related occupations,481,414,2015,
Food preparation and serving related occupations,463,419,2014,
Food preparation and serving related occupations,437,400,2013,
Food preparation and serving related occupations,433,389,2012,
Food preparation and serving related occupations,429,390,2011,
Food preparation and serving related occupations,416,378,2009,
Food preparation and serving related occupations.,423,387,2010,
Food preparation workers,486,446,2018,
Food preparation workers,449,410,2017,
Food preparation workers,432,413,2016,
Food preparation workers,414,388,2015,
Food preparation workers,411,401,2014,
Food preparation workers,392,380,2013,
Food preparation workers,408,357,2012,
Food preparation workers,395,375,2011,
Food preparation workers,385,367,2009,
Food preparation workers.,390,367,2010,
"Food processing workers, all other",749,539,2018,
"Food processing workers, all other",701,545,2017,
"Food processing workers, all other",679,508,2015,
Food service managers,964,719,2019,-93
Food service managers,922,708,2018,
Food service managers,894,674,2017,
Food service managers,853,632,2016,
Food service managers,820,680,2015,
Food service managers,806,595,2014,
Food service managers,801,620,2013,
Food service managers,744,601,2012,
Food service managers,734,599,2011,
Food service managers,796,626,2010,
Food service managers,754,602,2009,
General and operations managers,1476,1153,2019,-61
General and operations managers,1427,1139,2018,
General and operations managers,1488,1134,2017,
General and operations managers,1358,1037,2016,
General and operations managers,1347,1002,2015,
General and operations managers,1350,1136,2014,
General and operations managers,1444,1161,2013,
General and operations managers,1436,971,2012,
General and operations managers,1319,972,2011,
General and operations managers,1354,972,2010,
General and operations managers,1372,1110,2009,
Health diagnosing and treating practitioner support technicians,639,606,2010,
Health diagnosing and treating practitioner support technicians,733,560,2009,
Health practitioner support technologists and technicians,843,712,2019,
Health practitioner support technologists and technicians,807,655,2018,
Health practitioner support technologists and technicians,858,678,2017,
Health practitioner support technologists and technicians,712,643,2016,
Health practitioner support technologists and technicians,652,633,2015,
Health practitioner support technologists and technicians,618,618,2014,
Health practitioner support technologists and technicians,664,613,2013,
Health practitioner support technologists and technicians,599,621,2012,
Health practitioner support technologists and technicians,682,632,2011,
Healthcare practitioner and technical occupations,1233,933,2010,
Healthcare practitioner and technical occupations,1184,924,2009,
Healthcare practitioners and technical occupations,1422,1130,2019,
Healthcare practitioners and technical occupations,1383,1078,2018,
Healthcare practitioners and technical occupations,1341,1068,2017,
Healthcare practitioners and technical occupations,1332,1036,2016,
Healthcare practitioners and technical occupations,1272,991,2015,
Healthcare practitioners and technical occupations,1256,983,2014,
Healthcare practitioners and technical occupations,1312,994,2013,
Healthcare practitioners and technical occupations,1245,980,2012,
Healthcare practitioners and technical occupations,1129,965,2011,
Healthcare support occupations,661,548,2018,
Healthcare support occupations,597,533,2017,
Healthcare support occupations,602,519,2016,
Healthcare support occupations,577,490,2015,
Healthcare support occupations,560,492,2014,
Healthcare support occupations,546,486,2013,
Healthcare support occupations,529,477,2012,
Healthcare support occupations,521,483,2011,
Healthcare support occupations,544,464,2009,
Healthcare support occupations.,515,465,2010,
"Hotel, motel, and resort desk clerks",486,467,2015,
Human resources managers,1829,1538,2019,185
Human resources managers,1761,1330,2018,
Human resources managers,1748,1280,2017,
Human resources managers,1737,1283,2016,
Human resources managers,1495,1274,2015,
Human resources managers,1827,1300,2014,
Human resources managers,1536,1240,2013,
Human resources managers,1447,1208,2012,
Human resources managers,1488,1273,2011,
Human resources managers,1548,1072,2009,
Human resources managers.,1458,1170,2010,
Human resources workers,1325,1149,2019,
Human resources workers,1328,1107,2018,
Human resources workers,1236,1035,2017,
Human resources workers,1364,1089,2016,
Human resources workers,1158,984,2015,
Human resources workers,1257,912,2014,
Human resources workers,1139,958,2013,
Human resources workers,1249,944,2012,
Human resources workers,1053,912,2011,
"Human resources, training, and labor relations specialists",1103,845,2009,
"Human resources, training, and labor relations specialists.",1101,874,2010,
"Industrial engineers, including health and safety",1616,1487,2019,
"Industrial engineers, including health and safety",1571,1163,2018,
Industrial production managers,1469,1497,2019,
Industrial production managers,1573,1296,2018,
Industrial production managers,1526,1312,2017,
Industrial production managers,1409,1219,2016,
Industrial truck and tractor operators,604,563,2016,
"Inspectors, testers, sorters, samplers, and weighers",868,679,2018,
"Inspectors, testers, sorters, samplers, and weighers",853,637,2017,
"Inspectors, testers, sorters, samplers, and weighers",834,584,2016,
"Inspectors, testers, sorters, samplers, and weighers",844,583,2015,
"Inspectors, testers, sorters, samplers, and weighers",820,578,2014,
"Inspectors, testers, sorters, samplers, and weighers",835,583,2013,
"Inspectors, testers, sorters, samplers, and weighers",824,570,2012,
"Inspectors, testers, sorters, samplers, and weighers",792,541,2011,
"Inspectors, testers, sorters, samplers, and weighers",754,513,2009,
"Inspectors, testers, sorters, samplers, and weighers.",792,549,2010,
"Installation, maintenance, and repair occupations",936,823,2018,
"Installation, maintenance, and repair occupations",883,736,2017,
"Installation, maintenance, and repair occupations",863,783,2016,
"Installation, maintenance, and repair occupations",842,761,2015,
"Installation, maintenance, and repair occupations",824,725,2014,
"Installation, maintenance, and repair occupations",824,710,2013,
"Installation, maintenance, and repair occupations",809,757,2012,
"Installation, maintenance, and repair occupations",807,751,2011,
"Installation, maintenance, and repair occupations",799,683,2010,
"Installation, maintenance, and repair occupations",787,644,2009,
Insurance claims and policy processing clerks,762,675,2015,
Insurance claims and policy processing clerks,709,632,2014,
Insurance sales agents,1048,809,2018,
Insurance sales agents,1058,795,2017,
Insurance sales agents,1166,676,2016,
Insurance sales agents,1028,717,2015,
Insurance sales agents,946,698,2014,
Insurance sales agents,1029,733,2013,
Insurance sales agents,1026,641,2012,
Insurance sales agents,1033,665,2011,
Insurance sales agents,860,692,2009,
Insurance sales agents.,973,649,2010,
Insurance underwriters,1338,1142,2019,
Insurance underwriters,1413,1032,2018,
Janitors and building cleaners,607,491,2018,
Janitors and building cleaners,574,481,2017,
Janitors and building cleaners,564,476,2016,
Janitors and building cleaners,547,429,2015,
Janitors and building cleaners,540,415,2014,
Janitors and building cleaners,517,418,2013,
Janitors and building cleaners,511,408,2012,
Janitors and building cleaners,514,418,2011,
Janitors and building cleaners,494,401,2009,
Janitors and building cleaners.,494,400,2010,
"Laborers and freight, stock, and material movers, hand",620,541,2018,
"Laborers and freight, stock, and material movers, hand",595,500,2017,
"Laborers and freight, stock, and material movers, hand",580,509,2016,
"Laborers and freight, stock, and material movers, hand",547,455,2015,
"Laborers and freight, stock, and material movers, hand",546,476,2014,
"Laborers and freight, stock, and material movers, hand",524,421,2013,
"Laborers and freight, stock, and material movers, hand",519,476,2012,
"Laborers and freight, stock, and material movers, hand",520,416,2011,
"Laborers and freight, stock, and material movers, hand",511,421,2009,
"Laborers and freight, stock, and material movers, hand.",508,419,2010,
Laundry and dry-cleaning workers,486,436,2016,
Laundry and dry-cleaning workers,487,460,2015,
Laundry and dry-cleaning workers,425,360,2013,
Laundry and dry-cleaning workers,462,359,2012,
Laundry and dry-cleaning workers,447,386,2011,
Laundry and dry-cleaning workers,493,362,2009,
Lawyers,2202,1878,2019,161
Lawyers,2202,1762,2018,
Lawyers,2105,1753,2017,
Lawyers,2086,1619,2016,
Lawyers,1914,1717,2015,
Lawyers,1915,1590,2014,
Lawyers,1986,1566,2013,
Lawyers,2055,1636,2012,
Lawyers,1884,1631,2011,
Lawyers,1895,1461,2010,
Lawyers,1934,1449,2009,
Legal occupations,1999,1266,2019,23
Legal occupations,1910,1243,2018,
Legal occupations,1896,1192,2017,
Legal occupations,1904,1152,2016,
Legal occupations,1877,1135,2015,
Legal occupations,1765,1001,2014,
Legal occupations,1764,1010,2013,
Legal occupations,1884,1013,2012,
Legal occupations,1758,1003,2011,
Legal occupations,1674,974,2010,
Legal occupations,1741,985,2009,
Licensed practical and licensed vocational nurses,896,799,2019,
Licensed practical and licensed vocational nurses,936,743,2018,
Licensed practical and licensed vocational nurses,817,814,2017,
Licensed practical and licensed vocational nurses,868,737,2014,
"Life, physical, and social science occupations",1447,1237,2019,40
"Life, physical, and social science occupations",1357,1156,2018,
"Life, physical, and social science occupations",1361,1183,2017,
"Life, physical, and social science occupations",1319,1119,2016,
"Life, physical, and social science occupations",1379,1067,2015,
"Life, physical, and social science occupations",1247,1062,2014,
"Life, physical, and social science occupations",1271,1030,2013,
"Life, physical, and social science occupations",1226,1015,2012,
"Life, physical, and social science occupations",1156,1038,2011,
"Life, physical, and social science occupations",1190,940,2009,
"Life, physical, and social science occupations.",1158,977,2010,
Loan counselors and officers,1118,754,2009,
Loan counselors and officers.,1154,823,2010,
Lodging managers,1096,894,2019,-69
Lodging managers,982,844,2017,
Lodging managers,1068,764,2016,
Lodging managers,1171,902,2015,
Lodging managers,864,731,2009,
Maids and housekeeping cleaners,559,457,2018,
Maids and housekeeping cleaners,508,439,2017,
Maids and housekeeping cleaners,497,427,2016,
Maids and housekeeping cleaners,475,407,2015,
Maids and housekeeping cleaners,404,400,2014,
Maids and housekeeping cleaners,467,406,2013,
Maids and housekeeping cleaners,425,395,2012,
Maids and housekeeping cleaners,473,392,2011,
Maids and housekeeping cleaners,455,376,2010,
Maids and housekeeping cleaners,444,371,2009,
Management analysts,1870,1517,2019,-159
Management analysts,1642,1437,2018,
Management analysts,1651,1315,2017,
Management analysts,1586,1342,2016,
Management analysts,1519,1348,2015,
Management analysts,1665,1239,2014,
Management analysts,1614,1319,2013,
Management analysts,1535,1325,2012,
Management analysts,1514,1174,2011,
Management analysts,1554,1164,2010,
Management analysts,1371,1177,2009,
Management occupations,1659,1266,2019,-11
Management occupations,1585,1236,2018,
Management occupations,1573,1173,2017,
Management occupations,1539,1148,2016,
Management occupations,1486,1139,2015,
Management occupations,1454,1127,2014,
Management occupations,1456,1103,2013,
Management occupations,1428,1036,2012,
Management occupations,1427,1018,2011,
Management occupations,1384,1002,2009,
Management occupations.,1414,1018,2010,
"Management, business, and financial operations occupations",1598,1221,2019,2
"Management, business, and financial operations occupations",1537,1168,2018,
"Management, business, and financial operations occupations",1526,1134,2017,
"Management, business, and financial operations occupations",1491,1099,2016,
"Management, business, and financial operations occupations",1436,1073,2015,
"Management, business, and financial operations occupations",1416,1056,2014,
"Management, business, and financial operations occupations",1412,1049,2013,
"Management, business, and financial operations occupations",1387,993,2012,
"Management, business, and financial operations occupations",1370,977,2011,
"Management, business, and financial operations occupations",1334,955,2009,
"Management, business, and financial operations occupations.",1363,971,2010,
"Management, professional, and related occupations",1539,1135,2019,-63
"Management, professional, and related occupations",1468,1078,2018,
"Management, professional, and related occupations",1442,1052,2017,
"Management, professional, and related occupations",1420,1027,2016,
"Management, professional, and related occupations",1383,996,2015,
"Management, professional, and related occupations",1346,981,2014,
"Management, professional, and related occupations",1349,973,2013,
"Management, professional, and related occupations",1328,951,2012,
"Management, professional, and related occupations",1269,941,2011,
"Management, professional, and related occupations",1256,923,2010,
"Management, professional, and related occupations",1248,907,2009,
"Managers, all other",1725,1317,2019,-153
"Managers, all other",1628,1341,2018,
"Managers, all other",1629,1251,2017,
"Managers, all other",1542,1188,2016,
"Managers, all other",1525,1213,2015,
"Managers, all other",1412,1153,2014,
"Managers, all other",1399,1105,2013,
"Managers, all other",1409,1078,2012,
"Managers, all other",1406,1047,2011,
"Managers, all other",1395,1045,2010,
"Managers, all other",1292,1037,2009,
Market and survey researchers,1414,1009,2010,
Market research analysts and marketing specialists,1688,1228,2019,
Market research analysts and marketing specialists,1503,1148,2018,
Market research analysts and marketing specialists,1357,1061,2017,
Market research analysts and marketing specialists,1345,1097,2016,
Market research analysts and marketing specialists,1411,1239,2015,
Market research analysts and marketing specialists,1269,1002,2014,
Market research analysts and marketing specialists,1171,967,2013,
Market research analysts and marketing specialists,1197,1073,2012,
Market research analysts and marketing specialists,1446,1029,2011,
Marketing and sales managers,1895,1393,2019,-18
Marketing and sales managers,1852,1362,2018,
Marketing and sales managers,1747,1288,2017,
Marketing and sales managers,1745,1142,2016,
Marketing and sales managers,1603,1258,2015,
Marketing and sales managers,1624,1150,2014,
Marketing and sales managers,1658,1124,2013,
Marketing and sales managers,1640,1110,2012,
Marketing and sales managers,1660,1127,2011,
Marketing and sales managers,1536,1052,2009,
Marketing and sales managers.,1534,1010,2010,
Medical and health services managers,1828,1362,2019,-161
Medical and health services managers,1729,1331,2018,
Medical and health services managers,1490,1177,2017,
Medical and health services managers,1610,1254,2016,
Medical and health services managers,1422,1156,2015,
Medical and health services managers,1448,1215,2014,
Medical and health services managers,1412,1224,2013,
Medical and health services managers,1544,1190,2012,
Medical and health services managers,1456,1166,2011,
Medical and health services managers,1448,1143,2009,
Medical and health services managers.,1510,1163,2010,
Medical assistants and other healthcare support occupations,518,500,2010,
Medical assistants and other healthcare support occupations,579,504,2009,
Medical scientists,1214,1175,2019,374
Medical scientists,1416,1156,2018,
Medical scientists,1383,1270,2017,
Medical scientists,1250,1169,2016,
Medical scientists,1362,1082,2015,
Medical scientists,1449,1141,2014,
Medical scientists,1430,1142,2013,
Medical scientists,1331,1060,2012,
Medical scientists,1102,1127,2011,
Medical scientists,1388,975,2009,
Medical scientists.,1227,952,2010,
"Metal workers and plastic workers, all other",724,611,2018,
"Metal workers and plastic workers, all other",679,574,2017,
"Metal workers and plastic workers, all other",658,565,2016,
"Metal workers and plastic workers, all other",678,581,2015,
"Metal workers and plastic workers, all other",647,511,2014,
"Metal workers and plastic workers, all other",606,557,2013,
"Metal workers and plastic workers, all other",645,544,2012,
"Metal workers and plastic workers, all other",583,517,2011,
"Metalworkers and plastic workers, all other",629,496,2010,
Miscellaneous agricultural workers,578,474,2018,
Miscellaneous agricultural workers,553,453,2017,
Miscellaneous agricultural workers,524,423,2016,
Miscellaneous agricultural workers,460,398,2015,
Miscellaneous agricultural workers,437,369,2014,
Miscellaneous agricultural workers,447,352,2013,
Miscellaneous agricultural workers,444,350,2012,
Miscellaneous agricultural workers,427,370,2011,
Miscellaneous agricultural workers,405,346,2009,
Miscellaneous agricultural workers.,415,349,2010,
Miscellaneous assemblers and fabricators,723,583,2018,
Miscellaneous assemblers and fabricators,700,559,2017,
Miscellaneous assemblers and fabricators,625,559,2016,
Miscellaneous assemblers and fabricators,637,512,2015,
Miscellaneous assemblers and fabricators,633,506,2014,
Miscellaneous assemblers and fabricators,610,493,2013,
Miscellaneous assemblers and fabricators,606,499,2012,
Miscellaneous assemblers and fabricators,566,479,2011,
Miscellaneous assemblers and fabricators,592,488,2009,
Miscellaneous assemblers and fabricators.,581,475,2010,
Miscellaneous community and social service specialists,826,680,2009,
Miscellaneous community and social service specialists.,826,727,2010,
"Miscellaneous healthcare support occupations, including medical equipment preparers",703,559,2018,
Miscellaneous legal support workers,1013,787,2013,
Miscellaneous legal support workers,935,715,2010,
"Miscellaneous life, physical, and social science technicians",928,896,2019,
"Miscellaneous life, physical, and social science technicians",893,856,2018,
"Miscellaneous life, physical, and social science technicians",970,766,2017,
"Miscellaneous life, physical, and social science technicians",949,826,2016,
"Miscellaneous life, physical, and social science technicians",1001,780,2015,
"Miscellaneous life, physical, and social science technicians",872,805,2014,
"Miscellaneous life, physical, and social science technicians",825,620,2012,
Miscellaneous personal appearance workers,615,512,2018,
"Natural resources, construction, and maintenance occupations",834,638,2018,
"Natural resources, construction, and maintenance occupations",809,579,2017,
"Natural resources, construction, and maintenance occupations",794,580,2016,
"Natural resources, construction, and maintenance occupations",770,580,2015,
"Natural resources, construction, and maintenance occupations",764,509,2014,
"Natural resources, construction, and maintenance occupations",757,578,2013,
"Natural resources, construction, and maintenance occupations",749,550,2012,
"Natural resources, construction, and maintenance occupations",740,515,2011,
"Natural resources, construction, and maintenance occupations",727,542,2009,
"Natural resources, construction, and maintenance occupations.",726,537,2010,
Network and computer systems administrators,1541,1233,2019,
Network and computer systems administrators,1253,1056,2012,
Network systems and data communications analysts,1187,1032,2009,
Network systems and data communications analysts.,1242,1010,2010,
"Nursing, psychiatric, and home health aides",558,513,2018,
"Nursing, psychiatric, and home health aides",583,493,2017,
"Nursing, psychiatric, and home health aides",534,498,2016,
"Nursing, psychiatric, and home health aides",526,457,2015,
"Nursing, psychiatric, and home health aides",528,466,2014,
"Nursing, psychiatric, and home health aides",499,450,2013,
"Nursing, psychiatric, and home health aides",508,445,2012,
"Nursing, psychiatric, and home health aides",502,446,2011,
"Nursing, psychiatric, and home health aides",488,427,2010,
"Nursing, psychiatric, and home health aides",519,430,2009,
Office and administrative support occupations,738,711,2018,
Office and administrative support occupations,735,691,2017,
Office and administrative support occupations,708,669,2016,
Office and administrative support occupations,693,646,2015,
Office and administrative support occupations,701,637,2014,
Office and administrative support occupations,673,628,2013,
Office and administrative support occupations,700,629,2012,
Office and administrative support occupations,668,615,2011,
Office and administrative support occupations,656,612,2010,
Office and administrative support occupations,657,602,2009,
"Office and administrative support workers, all other",920,762,2018,
"Office and administrative support workers, all other",768,756,2017,
"Office and administrative support workers, all other",855,751,2016,
"Office and administrative support workers, all other",852,718,2015,
"Office and administrative support workers, all other",878,692,2014,
"Office and administrative support workers, all other",795,695,2013,
"Office and administrative support workers, all other",788,686,2012,
"Office and administrative support workers, all other",792,645,2011,
"Office and administrative support workers, all other",822,617,2009,
"Office and administrative support workers, all other.",750,632,2010,
"Office clerks, general",670,701,2018,
"Office clerks, general",780,670,2017,
"Office clerks, general",707,648,2016,
"Office clerks, general",609,622,2015,
"Office clerks, general",662,626,2014,
"Office clerks, general",620,596,2013,
"Office clerks, general",607,600,2012,
"Office clerks, general",712,594,2011,
"Office clerks, general",647,594,2009,
"Office clerks, general.",632,597,2010,
Operations research analysts,1753,1188,2019,
Operations research analysts,1566,1299,2018,
Operations research analysts,1570,1205,2017,
Operations research analysts,1382,1300,2016,
Operations research analysts,1574,1325,2015,
Operations research analysts,1457,1233,2014,
Operations research analysts,1569,1313,2013,
Operations research analysts,1551,1169,2012,
Operations research analysts,1258,1326,2011,
Other business operations specialists,1126,846,2010,
Other business operations specialists,1207,808,2009,
"Other life, physical, and social science technicians",723,740,2009,
"Other life, physical, and social science technicians.",857,721,2010,
Other teachers and instructors,1190,942,2019,-12
Other teachers and instructors,1095,840,2018,
Other teachers and instructors,1128,820,2017,
Other teachers and instructors,1135,786,2016,
Other teachers and instructors,1024,817,2015,
Other teachers and instructors,1096,772,2014,
Other teachers and instructors,1055,729,2013,
Other teachers and instructors,917,729,2012,
Other teachers and instructors,1105,739,2011,
Other teachers and instructors,959,723,2009,
Other teachers and instructors.,927,714,2010,
Packaging and filling machine operators and tenders,602,496,2018,
Packaging and filling machine operators and tenders,598,516,2017,
Packaging and filling machine operators and tenders,574,425,2016,
Packaging and filling machine operators and tenders,605,482,2015,
Packaging and filling machine operators and tenders,522,477,2014,
Packaging and filling machine operators and tenders,537,429,2013,
Packaging and filling machine operators and tenders,553,431,2012,
Packaging and filling machine operators and tenders,505,421,2011,
Packaging and filling machine operators and tenders,493,438,2010,
Packaging and filling machine operators and tenders,497,415,2009,
"Packers and packagers, hand",516,484,2018,
"Packers and packagers, hand",500,462,2017,
"Packers and packagers, hand",468,437,2016,
"Packers and packagers, hand",462,424,2015,
"Packers and packagers, hand",459,395,2014,
"Packers and packagers, hand",434,416,2013,
"Packers and packagers, hand",426,394,2012,
"Packers and packagers, hand",396,397,2011,
"Packers and packagers, hand",413,389,2010,
"Packers and packagers, hand",453,389,2009,
Paralegals and legal assistants,917,953,2018,
Paralegals and legal assistants,923,825,2013,
Paralegals and legal assistants,919,865,2012,
Paralegals and legal assistants,884,813,2011,
Personal and home care aides,424,406,2009,
Personal and home care aides.,414,405,2010,
Personal care aides,555,493,2018,
Personal care aides,520,479,2017,
Personal care aides,514,469,2016,
Personal care aides,537,441,2015,
Personal care aides,465,425,2014,
Personal care aides,470,445,2013,
Personal care aides,465,412,2012,
Personal care aides,454,407,2011,
Personal care and service occupations,638,517,2018,
Personal care and service occupations,612,503,2017,
Personal care and service occupations,613,482,2016,
Personal care and service occupations,597,475,2015,
Personal care and service occupations,607,455,2014,
Personal care and service occupations,549,464,2013,
Personal care and service occupations,569,428,2012,
Personal care and service occupations,562,422,2011,
Personal care and service occupations,519,432,2010,
Personal care and service occupations,546,415,2009,
Personal financial advisors,1905,1232,2019,-311
Personal financial advisors,1647,1207,2018,
Personal financial advisors,1662,979,2017,
Personal financial advisors,1714,953,2016,
Personal financial advisors,1738,1033,2015,
Personal financial advisors,1637,1004,2014,
Personal financial advisors,1565,1149,2013,
Personal financial advisors,1532,1016,2012,
Personal financial advisors,1535,941,2011,
Personal financial advisors,1647,962,2010,
Personal financial advisors,1450,1088,2009,
Pharmacists,2245,1877,2019,111
Pharmacists,2271,1890,2018,
Pharmacists,2228,1834,2017,
Pharmacists,2096,1839,2016,
Pharmacists,2117,1811,2015,
Pharmacists,2176,1902,2014,
Pharmacists,2092,1802,2013,
Pharmacists,1879,1871,2012,
Pharmacists,1998,1898,2011,
Pharmacists,1930,1605,2010,
Pharmacists,1954,1475,2009,
"Physical scientists, all other",1901,1385,2019,
"Physical scientists, all other",1582,1341,2018,
"Physical scientists, all other",1565,1409,2017,
"Physical scientists, all other",1727,1323,2016,
"Physical scientists, all other",1770,1170,2015,
"Physical scientists, all other",1547,1262,2014,
"Physical scientists, all other",1522,1171,2012,
"Physical scientists, all other",1483,1167,2011,
Physical therapists,1610,1323,2019,64
Physical therapists,1410,1387,2018,
Physical therapists,1341,1297,2017,
Physical therapists,1348,1306,2016,
Physical therapists,1347,1215,2015,
Physical therapists,1478,1307,2014,
Physical therapists,1457,1300,2013,
Physical therapists,1362,1190,2012,
Physical therapists,1522,1216,2011,
Physicians and surgeons,2500,1878,2019,
Physicians and surgeons,2513,1677,2018,
Physicians and surgeons,2277,1759,2017,
Physicians and surgeons,2343,1476,2016,
Physicians and surgeons,1915,1533,2015,
Physicians and surgeons,2002,1246,2014,
Physicians and surgeons,2087,1497,2013,
Physicians and surgeons,2099,1418,2012,
Physicians and surgeons,1935,1527,2011,
Physicians and surgeons,2278,1618,2010,
Physicians and surgeons,1914,1228,2009,
Police and sheriff's patrol officers,1131,816,2018,
Police and sheriff's patrol officers,1024,985,2017,
Police and sheriff's patrol officers,1008,938,2016,
Police and sheriff's patrol officers,1001,1009,2015,
Police and sheriff's patrol officers,1043,743,2014,
Police and sheriff's patrol officers,1032,881,2013,
Police and sheriff's patrol officers,1016,815,2012,
Police and sheriff's patrol officers,948,938,2011,
Police and sheriff's patrol officers,971,805,2009,
Police and sheriff's patrol officers.,992,772,2010,
Postal service clerks,758,771,2018,
Postal service clerks,999,805,2016,
Postal service clerks,974,833,2015,
Postal service clerks,1000,910,2012,
Postal service clerks,1014,892,2011,
Postal service clerks,933,882,2010,
Postal service clerks,905,904,2009,
Postal service mail carriers,983,808,2018,
Postal service mail carriers,965,856,2017,
Postal service mail carriers,1020,931,2016,
Postal service mail carriers,1021,854,2015,
Postal service mail carriers,1025,851,2014,
Postal service mail carriers,1012,878,2013,
Postal service mail carriers,1026,907,2012,
Postal service mail carriers,1017,892,2011,
Postal service mail carriers,944,908,2009,
Postal service mail carriers.,952,897,2010,
Postsecondary teachers,1670,1358,2019,
Postsecondary teachers,1603,1253,2018,
Postsecondary teachers,1414,1208,2017,
Postsecondary teachers,1356,1152,2016,
Postsecondary teachers,1405,1144,2015,
Postsecondary teachers,1409,1143,2014,
Postsecondary teachers,1338,1100,2013,
Postsecondary teachers,1366,1055,2012,
Postsecondary teachers,1358,1093,2011,
Postsecondary teachers,1342,1030,2009,
Postsecondary teachers.,1308,1011,2010,
Producers and directors,1652,1156,2019,
Producers and directors,1228,1030,2016,
Producers and directors,1340,1234,2015,
Production occupations,793,575,2018,
Production occupations,769,564,2017,
Production occupations,723,527,2016,
Production occupations,729,519,2015,
Production occupations,711,502,2014,
Production occupations,697,498,2013,
Production occupations,695,496,2012,
Production occupations,667,483,2011,
Production occupations,678,472,2009,
Production occupations.,664,481,2010,
"Production workers, all other",725,566,2018,
"Production workers, all other",716,570,2017,
"Production workers, all other",690,515,2016,
"Production workers, all other",666,501,2015,
"Production workers, all other",676,492,2014,
"Production workers, all other",619,501,2013,
"Production workers, all other",619,504,2012,
"Production workers, all other",612,483,2011,
"Production workers, all other",583,486,2010,
"Production workers, all other",635,481,2009,
"Production, planning, and expediting clerks",1004,790,2018,
"Production, planning, and expediting clerks",1043,798,2017,
"Production, planning, and expediting clerks",935,765,2016,
"Production, planning, and expediting clerks",978,732,2015,
"Production, planning, and expediting clerks",1024,738,2014,
"Production, planning, and expediting clerks",864,690,2013,
"Production, planning, and expediting clerks",946,765,2012,
"Production, planning, and expediting clerks",916,722,2011,
"Production, planning, and expediting clerks",855,695,2010,
"Production, planning, and expediting clerks",928,644,2009,
"Production, transportation, and material moving occupations",762,561,2018,
"Production, transportation, and material moving occupations",736,545,2017,
"Production, transportation, and material moving occupations",704,531,2016,
"Production, transportation, and material moving occupations",704,512,2015,
"Production, transportation, and material moving occupations",689,504,2014,
"Production, transportation, and material moving occupations",674,498,2013,
"Production, transportation, and material moving occupations",675,493,2012,
"Production, transportation, and material moving occupations",651,485,2011,
"Production, transportation, and material moving occupations",640,473,2010,
"Production, transportation, and material moving occupations",648,472,2009,
Professional and related occupations,1493,1085,2019,-97
Professional and related occupations,1425,1024,2018,
Professional and related occupations,1391,1014,2017,
Professional and related occupations,1364,998,2016,
Professional and related occupations,1343,963,2015,
Professional and related occupations,1286,948,2014,
Professional and related occupations,1295,944,2013,
Professional and related occupations,1267,928,2012,
Professional and related occupations,1211,919,2011,
Professional and related occupations,1191,880,2009,
Professional and related occupations.,1179,900,2010,
"Property, real estate, and community association managers",1168,849,2019,-128
"Property, real estate, and community association managers",1148,927,2018,
"Property, real estate, and community association managers",1163,873,2017,
"Property, real estate, and community association managers",1157,815,2016,
"Property, real estate, and community association managers",1137,823,2015,
"Property, real estate, and community association managers",976,865,2014,
"Property, real estate, and community association managers",1068,784,2013,
"Property, real estate, and community association managers",1045,817,2012,
"Property, real estate, and community association managers",1201,728,2011,
"Property, real estate, and community association managers",1111,726,2010,
"Property, real estate, and community association managers",982,791,2009,
Protective service occupations,922,613,2018,
Protective service occupations,894,690,2017,
Protective service occupations,854,688,2016,
Protective service occupations,851,655,2015,
Protective service occupations,886,617,2014,
Protective service occupations,824,643,2013,
Protective service occupations,841,658,2012,
Protective service occupations,797,602,2011,
Protective service occupations,798,599,2009,
Protective service occupations.,800,606,2010,
Public relations specialists,1351,989,2012,
Public relations specialists,1044,922,2009,
Public relations specialists.,1253,1034,2010,
"Purchasing agents, except wholesale, retail, and farm products",1202,1081,2019,95
"Purchasing agents, except wholesale, retail, and farm products",1209,1032,2018,
"Purchasing agents, except wholesale, retail, and farm products",1144,1085,2017,
"Purchasing agents, except wholesale, retail, and farm products",1037,974,2016,
"Purchasing agents, except wholesale, retail, and farm products",1020,986,2015,
"Purchasing agents, except wholesale, retail, and farm products",1054,897,2014,
"Purchasing agents, except wholesale, retail, and farm products",1116,912,2013,
"Purchasing agents, except wholesale, retail, and farm products",1057,942,2012,
"Purchasing agents, except wholesale, retail, and farm products",1129,945,2011,
"Purchasing agents, except wholesale, retail, and farm products",999,783,2009,
"Purchasing agents, except wholesale, retail, and farm products.",1127,907,2010,
Purchasing managers,1657,1390,2019,87
Purchasing managers,1431,1229,2018,
Purchasing managers,1420,1138,2017,
Purchasing managers,1400,1169,2016,
Purchasing managers,1404,1226,2015,
Purchasing managers,1366,1276,2014,
Purchasing managers,1441,1290,2013,
Purchasing managers,1467,1072,2012,
Purchasing managers,1368,1026,2011,
Purchasing managers,1394,1050,2010,
Purchasing managers,1383,1029,2009,
Real estate brokers and sales agents,1264,883,2018,
Real estate brokers and sales agents,1159,818,2017,
Real estate brokers and sales agents,1222,780,2016,
Real estate brokers and sales agents,1052,735,2015,
Real estate brokers and sales agents,991,726,2014,
Real estate brokers and sales agents,928,756,2013,
Real estate brokers and sales agents,1031,680,2012,
Real estate brokers and sales agents,992,676,2011,
Real estate brokers and sales agents,939,745,2009,
Real estate brokers and sales agents.,978,683,2010,
Receptionists and information clerks,593,606,2018,
Receptionists and information clerks,652,599,2017,
Receptionists and information clerks,600,581,2016,
Receptionists and information clerks,619,569,2015,
Receptionists and information clerks,616,532,2014,
Receptionists and information clerks,600,527,2013,
Receptionists and information clerks,604,524,2012,
Receptionists and information clerks,521,520,2011,
Receptionists and information clerks,537,516,2009,
Receptionists and information clerks.,547,529,2010,
Recreation and fitness workers,724,543,2018,
Recreation and fitness workers,726,565,2017,
Recreation and fitness workers,668,517,2016,
Recreation and fitness workers,684,526,2015,
Recreation and fitness workers,716,521,2014,
Recreation and fitness workers,561,523,2013,
Recreation and fitness workers,675,542,2012,
Recreation and fitness workers,575,494,2011,
Recreation and fitness workers,677,487,2009,
Recreation and fitness workers.,541,470,2010,
Registered nurses,1256,1217,2019,16
Registered nurses,1271,1156,2018,
Registered nurses,1260,1143,2017,
Registered nurses,1261,1143,2016,
Registered nurses,1222,1098,2015,
Registered nurses,1190,1076,2014,
Registered nurses,1236,1086,2013,
Registered nurses,1189,1086,2012,
Registered nurses,1081,1034,2011,
Registered nurses,1201,1039,2010,
Registered nurses,1090,1035,2009,
Reservation and transportation ticket agents and travel clerks,681,766,2018,
Respiratory therapists,966,1028,2011,
Retail salespersons,764,543,2018,
Retail salespersons,704,523,2017,
Retail salespersons,730,514,2016,
Retail salespersons,694,494,2015,
Retail salespersons,698,491,2014,
Retail salespersons,719,485,2013,
Retail salespersons,678,436,2012,
Retail salespersons,620,466,2011,
Retail salespersons,651,421,2010,
Retail salespersons,624,443,2009,
"safety, and transportation",1162,970,2009,
"safety, and transportation.",1295,1013,2010,
Sales and office occupations,846,696,2018,
Sales and office occupations,834,672,2017,
Sales and office occupations,805,649,2016,
Sales and office occupations,777,627,2015,
Sales and office occupations,766,620,2014,
Sales and office occupations,756,615,2013,
Sales and office occupations,768,610,2012,
Sales and office occupations,738,602,2011,
Sales and office occupations,737,590,2009,
Sales and office occupations.,736,597,2010,
Sales and related occupations,949,651,2018,
Sales and related occupations,934,609,2017,
Sales and related occupations,904,590,2016,
Sales and related occupations,880,578,2015,
Sales and related occupations,841,570,2014,
Sales and related occupations,835,566,2013,
Sales and related occupations,838,521,2012,
Sales and related occupations,804,549,2011,
Sales and related occupations,805,516,2010,
Sales and related occupations,793,525,2009,
"Sales and related workers, all other",1323,873,2018,
"Sales and related workers, all other",1147,799,2017,
"Sales and related workers, all other",946,709,2016,
"Sales and related workers, all other",1088,727,2015,
"Sales and related workers, all other",949,664,2014,
"Sales and related workers, all other",1161,724,2013,
"Sales and related workers, all other",996,653,2012,
"Sales and related workers, all other",985,618,2011,
"Sales and related workers, all other",828,726,2009,
"Sales and related workers, all other.",892,808,2010,
"Sales representatives, services, all other",1345,933,2018,
"Sales representatives, services, all other",1332,902,2017,
"Sales representatives, services, all other",1202,826,2016,
"Sales representatives, services, all other",1147,699,2015,
"Sales representatives, services, all other",986,766,2014,
"Sales representatives, services, all other",1013,766,2013,
"Sales representatives, services, all other",992,825,2012,
"Sales representatives, services, all other",953,757,2011,
"Sales representatives, services, all other",936,747,2009,
"Sales representatives, services, all other.",1009,748,2010,
"Sales representatives, wholesale and manufacturing",1239,1009,2018,
"Sales representatives, wholesale and manufacturing",1222,956,2017,
"Sales representatives, wholesale and manufacturing",1140,872,2016,
"Sales representatives, wholesale and manufacturing",1066,917,2015,
"Sales representatives, wholesale and manufacturing",1120,873,2014,
"Sales representatives, wholesale and manufacturing",1131,859,2013,
"Sales representatives, wholesale and manufacturing",1161,822,2012,
"Sales representatives, wholesale and manufacturing",1019,927,2011,
"Sales representatives, wholesale and manufacturing",986,736,2009,
"Sales representatives, wholesale and manufacturing.",983,842,2010,
Secondary school teachers,1262,1095,2019,-79
Secondary school teachers,1226,1092,2018,
Secondary school teachers,1226,1091,2017,
Secondary school teachers,1146,1074,2016,
Secondary school teachers,1149,1006,2015,
Secondary school teachers,1108,984,2014,
Secondary school teachers,1093,986,2013,
Secondary school teachers,1050,978,2012,
Secondary school teachers,1049,989,2011,
Secondary school teachers,1035,962,2010,
Secondary school teachers,1028,940,2009,
Secretaries and administrative assistants,903,753,2018,
Secretaries and administrative assistants,852,735,2017,
Secretaries and administrative assistants,831,708,2016,
Secretaries and administrative assistants,786,683,2015,
Secretaries and administrative assistants,811,685,2014,
Secretaries and administrative assistants,772,677,2013,
Secretaries and administrative assistants,803,665,2012,
Secretaries and administrative assistants,757,651,2011,
Secretaries and administrative assistants,725,657,2010,
Secretaries and administrative assistants,666,619,2009,
"Securities, commodities, and financial services sales agents",1639,1047,2018,
"Securities, commodities, and financial services sales agents",1416,911,2017,
"Securities, commodities, and financial services sales agents",1458,951,2016,
"Securities, commodities, and financial services sales agents",1461,767,2015,
"Securities, commodities, and financial services sales agents",1356,883,2014,
"Securities, commodities, and financial services sales agents",1389,863,2013,
"Securities, commodities, and financial services sales agents",1247,862,2012,
"Securities, commodities, and financial services sales agents",1269,884,2011,
"Securities, commodities, and financial services sales agents",1237,798,2009,
"Securities, commodities, and financial services sales agents.",1423,892,2010,
Security guards and gaming surveillance officers,636,506,2018,
Security guards and gaming surveillance officers,616,548,2017,
Security guards and gaming surveillance officers,597,516,2016,
Security guards and gaming surveillance officers,592,515,2015,
Security guards and gaming surveillance officers,589,514,2014,
Security guards and gaming surveillance officers,549,500,2013,
Security guards and gaming surveillance officers,537,501,2012,
Security guards and gaming surveillance officers,544,474,2011,
Security guards and gaming surveillance officers,520,462,2009,
Security guards and gaming surveillance officers.,519,463,2010,
Service occupations,641,511,2018,
Service occupations,608,501,2017,
Service occupations,595,487,2016,
Service occupations,585,463,2015,
Service occupations,583,461,2014,
Service occupations,555,452,2013,
Service occupations,543,435,2012,
Service occupations,551,433,2011,
Service occupations,543,423,2010,
Service occupations,524,418,2009,
Sewing machine operators,407,452,2016,
"Shipping, receiving, and traffic clerks",654,590,2018,
"Shipping, receiving, and traffic clerks",616,596,2017,
"Shipping, receiving, and traffic clerks",602,583,2016,
"Shipping, receiving, and traffic clerks",604,566,2015,
"Shipping, receiving, and traffic clerks",603,576,2014,
"Shipping, receiving, and traffic clerks",547,524,2013,
"Shipping, receiving, and traffic clerks",577,522,2012,
"Shipping, receiving, and traffic clerks",571,543,2011,
"Shipping, receiving, and traffic clerks",553,518,2010,
"Shipping, receiving, and traffic clerks",538,525,2009,
Social and community service managers,1452,1156,2019,-47
Social and community service managers,1336,1057,2018,
Social and community service managers,1281,1052,2017,
Social and community service managers,1206,992,2016,
Social and community service managers,1142,965,2015,
Social and community service managers,1142,978,2014,
Social and community service managers,1150,1004,2013,
Social and community service managers,1151,883,2012,
Social and community service managers,1221,973,2011,
Social and community service managers,1163,915,2010,
Social and community service managers,1147,898,2009,
Social workers,1108,944,2019,-74
Social workers,958,897,2018,
Social workers,935,900,2017,
Social workers,1039,884,2016,
Social workers,943,862,2015,
Social workers,892,839,2014,
Social workers,978,818,2013,
Social workers,856,845,2012,
Social workers,902,798,2011,
Social workers,864,774,2009,
Social workers.,865,788,2010,
"Software developers, applications and systems software",1920,1718,2019,
"Software developers, applications and systems software",1894,1644,2018,
"Software developers, applications and systems software",1863,1543,2017,
"Software developers, applications and systems software",1863,1553,2016,
"Software developers, applications and systems software",1751,1415,2015,
"Software developers, applications and systems software",1736,1457,2014,
"Software developers, applications and systems software",1737,1370,2013,
"Software developers, applications and systems software",1674,1362,2012,
"Software developers, applications and systems software",1606,1388,2011,
Special education teachers,1051,1017,2017,
Special education teachers,1078,987,2014,
Special education teachers,977,944,2013,
Special education teachers,967,935,2011,
Special education teachers,990,967,2009,
Special education teachers.,993,960,2010,
Stock clerks and order fillers,558,570,2018,
Stock clerks and order fillers,571,538,2017,
Stock clerks and order fillers,533,526,2016,
Stock clerks and order fillers,537,506,2015,
Stock clerks and order fillers,504,514,2014,
Stock clerks and order fillers,503,484,2013,
Stock clerks and order fillers,516,484,2012,
Stock clerks and order fillers,488,501,2011,
Stock clerks and order fillers,485,479,2009,
Stock clerks and order fillers.,471,495,2010,
"Supervisors, transportation and material moving workers",758,615,2010,
Taxi drivers and chauffeurs,628,450,2018,
Taxi drivers and chauffeurs,623,453,2017,
Teacher assistants,707,579,2019,-107
Teacher assistants,584,550,2018,
Teacher assistants,642,537,2017,
Teacher assistants,501,525,2016,
Teacher assistants,580,494,2014,
Teacher assistants,501,475,2013,
Teacher assistants,493,452,2012,
Teacher assistants,453,474,2009,
Tellers,544,507,2014,
"Total, full-time wage and salary workers",1007,821,2019,
Training and development specialists,1249,968,2019,
Training and development specialists,1255,937,2017,
Training and development specialists,1280,955,2014,
Training and development specialists,1144,866,2012,
Training and development specialists,1260,951,2011,
Transportation and material moving occupations,724,538,2018,
Transportation and material moving occupations,710,514,2017,
Transportation and material moving occupations,685,540,2016,
Transportation and material moving occupations,679,494,2015,
Transportation and material moving occupations,664,510,2014,
Transportation and material moving occupations,645,497,2013,
Transportation and material moving occupations,650,487,2012,
Transportation and material moving occupations,634,490,2011,
Transportation and material moving occupations,618,472,2009,
Transportation and material moving occupations.,618,447,2010,
"Transportation, storage, and distribution managers",990,988,2016,
"Transportation, storage, and distribution managers",1006,749,2015,
"Transportation, storage, and distribution managers",1014,836,2014,
"Transportation, storage, and distribution managers",1029,920,2013,
Waiters and waitresses,551,478,2018,
Waiters and waitresses,533,475,2017,
Waiters and waitresses,504,441,2016,
Waiters and waitresses,501,411,2015,
Waiters and waitresses,501,415,2014,
Waiters and waitresses,449,400,2013,
Waiters and waitresses,456,396,2012,
Waiters and waitresses,466,389,2011,
Waiters and waitresses,419,363,2009,
Waiters and waitresses.,450,381,2010,
Web developers,1633,1150,2019,
Web developers,1233,1026,2015,
Web developers,1245,988,2014,
Web developers,1157,937,2013,
"Wholesale and retail buyers, except farm products",982,977,2019,183
"Wholesale and retail buyers, except farm products",878,880,2018,
"Wholesale and retail buyers, except farm products",882,888,2017,
"Wholesale and retail buyers, except farm products",942,765,2016,
"Wholesale and retail buyers, except farm products",886,985,2015,
"Wholesale and retail buyers, except farm products",970,806,2014,
"Wholesale and retail buyers, except farm products",871,930,2013,
"Wholesale and retail buyers, except farm products",853,847,2012,
"Wholesale and retail buyers, except farm products",928,849,2011,
"Wholesale and retail buyers, except farm products",895,756,2010,
"Wholesale and retail buyers, except farm products",958,770,2009,
workers,890,726,2010,
workers,837,705,2009,
Writers and authors,1171,1045,2017,
